{"$schema":"http://schema.management.azure.com/schemas/2015-01-01/deploymentTemplate.json#","contentVersion":"1.0.0.0","parameters":{"PowerBIDatasets shaikh.basha":{"type":"string"}},"variables":{},"resources":[{"name":"Ecommerce Refresh","type":"pipelines","apiVersion":"2018-06-01","properties":{"activities":[{"name":"Bronze Ingest","type":"RefreshDataflow","dependsOn":[],"policy":{"timeout":"0.12:00:00","retry":0,"retryIntervalInSeconds":30,"secureOutput":false,"secureInput":false},"typeProperties":{"dataflowId":"2cfc02bc-c1f9-4289-bee0-b9b3733e8b4d","workspaceId":"08d1386e-66fc-4657-b69d-a9647c4a6cb7","notifyOption":"NoNotification","dataflowType":"Dataflow-Gen2"}},{"name":"Silver Ingest","type":"TridentNotebook","dependsOn":[{"activity":"Bronze Ingest","dependencyConditions":["Succeeded"]}],"policy":{"timeout":"0.12:00:00","retry":0,"retryIntervalInSeconds":30,"secureOutput":false,"secureInput":false},"typeProperties":{"notebookId":"72cefe00-2a10-4c16-b4b0-3648fcb9049a","workspaceId":"08d1386e-66fc-4657-b69d-a9647c4a6cb7"}},{"name":"Gold Ingest","type":"TridentNotebook","dependsOn":[{"activity":"Silver Ingest","dependencyConditions":["Succeeded"]}],"policy":{"timeout":"0.12:00:00","retry":0,"retryIntervalInSeconds":30,"secureOutput":false,"secureInput":false},"typeProperties":{"notebookId":"e13738ce-cbec-410e-9d09-4e867d39993f","workspaceId":"08d1386e-66fc-4657-b69d-a9647c4a6cb7"}},{"name":"Ecommerce Semantic Model Refresh","type":"PBISemanticModelRefresh","dependsOn":[{"activity":"Gold Ingest","dependencyConditions":["Succeeded"]}],"policy":{"timeout":"0.12:00:00","retry":0,"retryIntervalInSeconds":30,"secureOutput":false,"secureInput":false},"typeProperties":{"method":"post","waitOnCompletion":false,"commitMode":"Transactional","operationType":"SemanticModelRefresh","groupId":"08d1386e-66fc-4657-b69d-a9647c4a6cb7","datasetId":"9709cb62-60e1-4922-b55d-7eaff8ea7d89","objects":[{"table":"tb_customer_360"}]},"externalReferences":{"connection":"[parameters('PowerBIDatasets shaikh.basha')]"}}],"lastModifiedByObjectId":"4b132612-dae3-4f15-b833-3c8550b001aa","lastPublishTime":"2026-02-17T20:10:20Z"},"dependsOn":[]}]}